model,episode,seed,ep_reward,steps,wall_sec
always_0,0,0,-380.0,400,5.230842113494873
always_0,1,1,-380.0,400,5.132556200027466
always_0,2,2,-380.0,400,5.0672948360443115
always_0,3,3,-380.0,400,5.016294240951538
always_0,4,4,-380.0,400,4.998138904571533
random_01,0,0,-6.73,400,4.384721755981445
random_01,1,1,-2.23,400,4.337082147598267
random_01,2,2,-2.78,400,4.155227899551392
random_01,3,3,-0.6,400,4.234988689422607
random_01,4,4,-2.9,400,4.495246171951294
